{
  "train": {
    "overall": {
      "color_cast": {
        "mean": 0.14550507913131513,
        "std": 0.06902237280049636,
        "min": 0.0008062243578024209,
        "max": 0.4641474485397339,
        "median": 0.13423782587051392
      },
      "contrast": {
        "mean": 0.1745393830509156,
        "std": 0.048558865773263425,
        "min": 0.007237363141030073,
        "max": 0.34250423312187195,
        "median": 0.17344066500663757
      },
      "haze_density": {
        "mean": 0.08667453423424774,
        "std": 0.07839460616590739,
        "min": 0.0,
        "max": 0.6521717309951782,
        "median": 0.06799407303333282
      },
      "low_freq_dominance": {
        "mean": 0.7250872296249751,
        "std": 0.11660222781457173,
        "min": 0.0,
        "max": 0.9141042232513428,
        "median": 0.7538570761680603
      },
      "brightness": {
        "mean": 0.3869967548329734,
        "std": 0.09302943812738929,
        "min": 0.016561057418584824,
        "max": 0.7944583892822266,
        "median": 0.3870381563901901
      },
      "saturation": {
        "mean": 0.6066010023301687,
        "std": 0.16947557121382423,
        "min": 0.06537523456648284,
        "max": 0.9956358068129596,
        "median": 0.5956961837469363
      },
      "psnr": {
        "mean": 17.71865840777736,
        "std": 3.335312982447091,
        "min": 7.67732572555542,
        "max": 50.303977966308594,
        "median": 17.540574073791504
      },
      "mse": {
        "mean": 0.022125135606373875,
        "std": 0.017704259967923287,
        "min": 9.323995072918478e-06,
        "max": 0.17071335017681122,
        "median": 0.017617426812648773
      }
    },
    "per_dataset": {
      "EUVP": {
        "count": 6316,
        "color_cast": {
          "mean": 0.14732476171345565,
          "std": 0.06104149520444778,
          "min": 0.011275346390902996,
          "max": 0.4305823743343353
        },
        "contrast": {
          "mean": 0.18014243343270528,
          "std": 0.04579700266634697,
          "min": 0.04494261369109154,
          "max": 0.34250423312187195
        },
        "haze_density": {
          "mean": 0.07640491531334397,
          "std": 0.06448776526592906,
          "min": 0.0,
          "max": 0.44732874631881714
        },
        "low_freq_dominance": {
          "mean": 0.7586249354719512,
          "std": 0.09274720783522158,
          "min": 0.41707083582878113,
          "max": 0.9141042232513428
        },
        "brightness": {
          "mean": 0.3831519086687738,
          "std": 0.09262379193630112,
          "min": 0.09330533444881439,
          "max": 0.7395741939544678
        },
        "saturation": {
          "mean": 0.6188341998981716,
          "std": 0.15093587072271383,
          "min": 0.2334725772633272,
          "max": 0.9922660678040748
        },
        "psnr": {
          "mean": 17.637747798258932,
          "std": 3.040124347138408,
          "min": 7.876255989074707,
          "max": 31.734771728515625
        },
        "mse": {
          "mean": 0.021734945582867492,
          "std": 0.01613531327997314,
          "min": 0.0006706916610710323,
          "max": 0.16307011246681213
        }
      },
      "SUIM-E": {
        "count": 1067,
        "color_cast": {
          "mean": 0.13705697290529736,
          "std": 0.09269455990223321,
          "min": 0.0008062243578024209,
          "max": 0.4641474485397339
        },
        "contrast": {
          "mean": 0.16196331854354531,
          "std": 0.05138645918099565,
          "min": 0.026948627084493637,
          "max": 0.3123432695865631
        },
        "haze_density": {
          "mean": 0.10797536734911652,
          "std": 0.09157542363091752,
          "min": 0.0,
          "max": 0.48503029346466064
        },
        "low_freq_dominance": {
          "mean": 0.6018006401075419,
          "std": 0.07094192014937707,
          "min": 0.39678558707237244,
          "max": 0.8509637713432312
        },
        "brightness": {
          "mean": 0.39099185711301815,
          "std": 0.08842977971055081,
          "min": 0.09946523606777191,
          "max": 0.7215098142623901
        },
        "saturation": {
          "mean": 0.5714907532001862,
          "std": 0.20537575124951504,
          "min": 0.074546843884038,
          "max": 0.9956358068129596
        },
        "psnr": {
          "mean": 18.331949277804515,
          "std": 3.9242784581191352,
          "min": 7.915102005004883,
          "max": 50.303977966308594
        },
        "mse": {
          "mean": 0.021364588215334834,
          "std": 0.020256096366128292,
          "min": 9.323995072918478e-06,
          "max": 0.16161802411079407
        }
      },
      "UIEB": {
        "count": 623,
        "color_cast": {
          "mean": 0.14152596862467207,
          "std": 0.0925175999199612,
          "min": 0.0011754139559343457,
          "max": 0.4106149971485138
        },
        "contrast": {
          "mean": 0.13927420587271427,
          "std": 0.05179887877750063,
          "min": 0.007237363141030073,
          "max": 0.3167734742164612
        },
        "haze_density": {
          "mean": 0.15430683627415664,
          "std": 0.12662154299007383,
          "min": 0.0,
          "max": 0.6521717309951782
        },
        "low_freq_dominance": {
          "mean": 0.5962311154766603,
          "std": 0.15764859624327196,
          "min": 0.0,
          "max": 0.881307065486908
        },
        "brightness": {
          "mean": 0.41913363162314526,
          "std": 0.09817063354045887,
          "min": 0.016561057418584824,
          "max": 0.7944583892822266
        },
        "saturation": {
          "mean": 0.5427129766193916,
          "std": 0.24122032891750017,
          "min": 0.06537523456648284,
          "max": 0.993575989966299
        },
        "psnr": {
          "mean": 17.488562182094274,
          "std": 4.70290875581486,
          "min": 7.67732572555542,
          "max": 46.01542663574219
        },
        "mse": {
          "mean": 0.02738347309386181,
          "std": 0.025604792112227753,
          "min": 2.5029823518707417e-05,
          "max": 0.17071335017681122
        }
      }
    }
  },
  "val": {
    "overall": {
      "color_cast": {
        "mean": 0.14802601243558913,
        "std": 0.06853593787195328,
        "min": 0.0030878966208547354,
        "max": 0.46802279353141785,
        "median": 0.13537263125181198
      },
      "contrast": {
        "mean": 0.1727640962504207,
        "std": 0.04771590783277356,
        "min": 0.03658956289291382,
        "max": 0.32078567147254944,
        "median": 0.1730438768863678
      },
      "haze_density": {
        "mean": 0.0877329800813615,
        "std": 0.07938118342497447,
        "min": 0.0,
        "max": 0.5411291122436523,
        "median": 0.06918507441878319
      },
      "low_freq_dominance": {
        "mean": 0.7242111920823573,
        "std": 0.11585686621882273,
        "min": 0.0,
        "max": 0.9075176119804382,
        "median": 0.7500944137573242
      },
      "brightness": {
        "mean": 0.38990804421320957,
        "std": 0.09205915292441154,
        "min": 0.0990910455584526,
        "max": 0.7830119132995605,
        "median": 0.38873760402202606
      },
      "saturation": {
        "mean": 0.6057784493399851,
        "std": 0.16800792024801353,
        "min": 0.08462590236289828,
        "max": 0.992399387733609,
        "median": 0.5932837093577665
      },
      "psnr": {
        "mean": 17.648829624282854,
        "std": 3.2910186242079296,
        "min": 7.662264823913574,
        "max": 29.57423973083496,
        "median": 17.44070339202881
      },
      "mse": {
        "mean": 0.022543694231783602,
        "std": 0.01832224569982402,
        "min": 0.0011030019959434867,
        "max": 0.17130637168884277,
        "median": 0.01802725810557604
      }
    },